<font>
  <info face="font" size="72" bold="0" italic="0" charset="" unicode="" stretchH="100" smooth="1" aa="1" padding="2,2,2,2" spacing="0,0" outline="0"/>
  <common lineHeight="72" base="50" scaleW="299" scaleH="505" pages="1" packed="0"/>
  <pages>
    <page id="0" file="font.png"/>
  </pages>
  <chars count="80">
    <char id="97" x="2" y="2" width="34" height="38" xoffset="0" yoffset="14" xadvance="36" page="0" chnl="15"/>
    <char id="98" x="2" y="42" width="34" height="47" xoffset="0" yoffset="5" xadvance="36" page="0" chnl="15"/>
    <char id="99" x="2" y="91" width="34" height="38" xoffset="0" yoffset="14" xadvance="36" page="0" chnl="15"/>
    <char id="100" x="2" y="131" width="34" height="47" xoffset="0" yoffset="5" xadvance="36" page="0" chnl="15"/>
    <char id="101" x="2" y="180" width="34" height="38" xoffset="0" yoffset="14" xadvance="36" page="0" chnl="15"/>
    <char id="102" x="2" y="220" width="34" height="47" xoffset="0" yoffset="5" xadvance="36" page="0" chnl="15"/>
    <char id="103" x="2" y="269" width="34" height="56" xoffset="0" yoffset="14" xadvance="36" page="0" chnl="15"/>
    <char id="104" x="2" y="327" width="34" height="47" xoffset="0" yoffset="5" xadvance="36" page="0" chnl="15"/>
    <char id="105" x="2" y="376" width="16" height="52" xoffset="0" yoffset="0" xadvance="18" page="0" chnl="15"/>
    <char id="106" x="2" y="430" width="20" height="70" xoffset="-4" yoffset="0" xadvance="18" page="0" chnl="15"/>
    <char id="107" x="20" y="376" width="34" height="47" xoffset="0" yoffset="5" xadvance="36" page="0" chnl="15"/>
    <char id="108" x="24" y="425" width="20" height="47" xoffset="0" yoffset="5" xadvance="23" page="0" chnl="15"/>
    <char id="109" x="46" y="425" width="52" height="38" xoffset="0" yoffset="14" xadvance="54" page="0" chnl="15"/>
    <char id="110" x="46" y="465" width="34" height="38" xoffset="0" yoffset="14" xadvance="36" page="0" chnl="15"/>
    <char id="111" x="82" y="465" width="34" height="38" xoffset="0" yoffset="14" xadvance="36" page="0" chnl="15"/>
    <char id="112" x="38" y="2" width="34" height="56" xoffset="0" yoffset="14" xadvance="36" page="0" chnl="15"/>
    <char id="113" x="38" y="60" width="34" height="56" xoffset="0" yoffset="14" xadvance="36" page="0" chnl="15"/>
    <char id="114" x="38" y="118" width="34" height="38" xoffset="0" yoffset="14" xadvance="36" page="0" chnl="15"/>
    <char id="115" x="38" y="158" width="34" height="38" xoffset="0" yoffset="14" xadvance="36" page="0" chnl="15"/>
    <char id="116" x="38" y="198" width="34" height="47" xoffset="0" yoffset="5" xadvance="36" page="0" chnl="15"/>
    <char id="117" x="38" y="247" width="34" height="38" xoffset="0" yoffset="14" xadvance="36" page="0" chnl="15"/>
    <char id="118" x="38" y="287" width="34" height="38" xoffset="0" yoffset="14" xadvance="36" page="0" chnl="15"/>
    <char id="119" x="38" y="327" width="52" height="38" xoffset="0" yoffset="14" xadvance="54" page="0" chnl="15"/>
    <char id="120" x="56" y="367" width="34" height="38" xoffset="0" yoffset="14" xadvance="36" page="0" chnl="15"/>
    <char id="121" x="74" y="2" width="34" height="56" xoffset="0" yoffset="14" xadvance="36" page="0" chnl="15"/>
    <char id="122" x="74" y="60" width="34" height="38" xoffset="0" yoffset="14" xadvance="36" page="0" chnl="15"/>
    <char id="65" x="74" y="100" width="34" height="47" xoffset="0" yoffset="5" xadvance="36" page="0" chnl="15"/>
    <char id="66" x="74" y="149" width="34" height="47" xoffset="0" yoffset="5" xadvance="36" page="0" chnl="15"/>
    <char id="67" x="74" y="198" width="34" height="47" xoffset="0" yoffset="5" xadvance="36" page="0" chnl="15"/>
    <char id="68" x="74" y="247" width="34" height="47" xoffset="0" yoffset="5" xadvance="36" page="0" chnl="15"/>
    <char id="69" x="92" y="296" width="34" height="47" xoffset="0" yoffset="5" xadvance="36" page="0" chnl="15"/>
    <char id="70" x="92" y="345" width="34" height="47" xoffset="0" yoffset="5" xadvance="36" page="0" chnl="15"/>
    <char id="71" x="100" y="394" width="34" height="47" xoffset="0" yoffset="5" xadvance="36" page="0" chnl="15"/>
    <char id="72" x="118" y="443" width="34" height="47" xoffset="0" yoffset="5" xadvance="36" page="0" chnl="15"/>
    <char id="73" x="110" y="2" width="34" height="47" xoffset="0" yoffset="5" xadvance="36" page="0" chnl="15"/>
    <char id="74" x="110" y="51" width="34" height="47" xoffset="0" yoffset="5" xadvance="36" page="0" chnl="15"/>
    <char id="75" x="110" y="100" width="34" height="47" xoffset="0" yoffset="5" xadvance="36" page="0" chnl="15"/>
    <char id="76" x="110" y="149" width="34" height="47" xoffset="0" yoffset="5" xadvance="36" page="0" chnl="15"/>
    <char id="77" x="110" y="198" width="52" height="47" xoffset="0" yoffset="5" xadvance="54" page="0" chnl="15"/>
    <char id="78" x="110" y="247" width="34" height="47" xoffset="0" yoffset="5" xadvance="36" page="0" chnl="15"/>
    <char id="79" x="128" y="296" width="34" height="47" xoffset="0" yoffset="5" xadvance="36" page="0" chnl="15"/>
    <char id="80" x="146" y="247" width="34" height="47" xoffset="0" yoffset="5" xadvance="36" page="0" chnl="15"/>
    <char id="81" x="128" y="345" width="34" height="47" xoffset="0" yoffset="5" xadvance="36" page="0" chnl="15"/>
    <char id="82" x="136" y="394" width="34" height="47" xoffset="0" yoffset="5" xadvance="36" page="0" chnl="15"/>
    <char id="83" x="154" y="443" width="34" height="47" xoffset="0" yoffset="5" xadvance="36" page="0" chnl="15"/>
    <char id="84" x="164" y="296" width="34" height="47" xoffset="0" yoffset="5" xadvance="36" page="0" chnl="15"/>
    <char id="85" x="164" y="345" width="34" height="47" xoffset="0" yoffset="5" xadvance="36" page="0" chnl="15"/>
    <char id="86" x="172" y="394" width="34" height="47" xoffset="0" yoffset="5" xadvance="36" page="0" chnl="15"/>
    <char id="87" x="190" y="443" width="52" height="47" xoffset="0" yoffset="5" xadvance="54" page="0" chnl="15"/>
    <char id="88" x="146" y="2" width="34" height="47" xoffset="0" yoffset="5" xadvance="36" page="0" chnl="15"/>
    <char id="89" x="146" y="51" width="34" height="47" xoffset="0" yoffset="5" xadvance="36" page="0" chnl="15"/>
    <char id="90" x="146" y="100" width="34" height="47" xoffset="0" yoffset="5" xadvance="36" page="0" chnl="15"/>
    <char id="33" x="164" y="149" width="16" height="52" xoffset="0" yoffset="0" xadvance="18" page="0" chnl="15"/>
    <char id="8470" x="182" y="2" width="21" height="50" xoffset="2" yoffset="2" xadvance="26" page="0" chnl="15"/>
    <char id="59" x="182" y="54" width="20" height="43" xoffset="0" yoffset="9" xadvance="23" page="0" chnl="15"/>
    <char id="37" x="182" y="99" width="52" height="47" xoffset="0" yoffset="5" xadvance="54" page="0" chnl="15"/>
    <char id="58" x="146" y="149" width="16" height="34" xoffset="0" yoffset="9" xadvance="18" page="0" chnl="15"/>
    <char id="63" x="205" y="2" width="34" height="47" xoffset="0" yoffset="5" xadvance="36" page="0" chnl="15"/>
    <char id="42" x="164" y="203" width="29" height="29" xoffset="0" yoffset="5" xadvance="32" page="0" chnl="15"/>
    <char id="40" x="182" y="148" width="20" height="47" xoffset="0" yoffset="5" xadvance="23" page="0" chnl="15"/>
    <char id="41" x="182" y="234" width="20" height="47" xoffset="0" yoffset="5" xadvance="23" page="0" chnl="15"/>
    <char id="95" x="182" y="283" width="47" height="11" xoffset="0" yoffset="50" xadvance="50" page="0" chnl="15"/>
    <char id="43" x="204" y="54" width="34" height="38" xoffset="0" yoffset="9" xadvance="36" page="0" chnl="15"/>
    <char id="45" x="56" y="407" width="34" height="11" xoffset="0" yoffset="23" xadvance="36" page="0" chnl="15"/>
    <char id="61" x="195" y="197" width="34" height="29" xoffset="0" yoffset="14" xadvance="36" page="0" chnl="15"/>
    <char id="46" x="146" y="185" width="16" height="11" xoffset="0" yoffset="41" xadvance="18" page="0" chnl="15"/>
    <char id="44" x="24" y="474" width="20" height="20" xoffset="0" yoffset="32" xadvance="23" page="0" chnl="15"/>
    <char id="47" x="204" y="148" width="52" height="47" xoffset="0" yoffset="5" xadvance="54" page="0" chnl="15"/>
    <char id="124" x="236" y="94" width="25" height="47" xoffset="0" yoffset="5" xadvance="27" page="0" chnl="15"/>
    <char id="34" x="240" y="51" width="43" height="20" xoffset="0" yoffset="0" xadvance="45" page="0" chnl="15"/>
    <char id="39" x="241" y="2" width="20" height="20" xoffset="0" yoffset="0" xadvance="23" page="0" chnl="15"/>
    <char id="64" x="263" y="2" width="34" height="47" xoffset="0" yoffset="5" xadvance="36" page="0" chnl="15"/>
    <char id="35" x="204" y="228" width="34" height="47" xoffset="0" yoffset="5" xadvance="36" page="0" chnl="15"/>
    <char id="36" x="200" y="296" width="34" height="47" xoffset="0" yoffset="5" xadvance="36" page="0" chnl="15"/>
    <char id="94" x="231" y="197" width="29" height="20" xoffset="0" yoffset="5" xadvance="32" page="0" chnl="15"/>
    <char id="38" x="200" y="345" width="34" height="47" xoffset="0" yoffset="5" xadvance="36" page="0" chnl="15"/>
    <char id="123" x="208" y="394" width="25" height="47" xoffset="0" yoffset="5" xadvance="27" page="0" chnl="15"/>
    <char id="125" x="235" y="394" width="25" height="47" xoffset="0" yoffset="5" xadvance="27" page="0" chnl="15"/>
    <char id="91" x="258" y="143" width="20" height="47" xoffset="0" yoffset="5" xadvance="23" page="0" chnl="15"/>
    <char id="93" x="244" y="443" width="20" height="47" xoffset="0" yoffset="5" xadvance="23" page="0" chnl="15"/>
    <char id="32" x="0" y="0" width="0" height="0" xoffset="0" yoffset="5" xadvance="23" page="0" chnl="15"/>
  </chars>
</font>